<?xml version="1.0" encoding="UTF-8" ?>
<!DOCTYPE mapper PUBLIC "-//mybatis.org//DTD Mapper 3.0//EN" "http://mybatis.org/dtd/mybatis-3-mapper.dtd" >
<mapper namespace="com.crow.ssm.mapper.OrderdetailMapper">
    <resultMap id="BaseResultMap" type="com.crow.ssm.po.Orderdetail">
        <id column="id" property="id" jdbcType="INTEGER"/>
        <result column="orders_id" property="ordersId" jdbcType="INTEGER"/>
        <result column="items_id" property="itemsId" jdbcType="INTEGER"/>
        <result column="items_num" property="itemsNum" jdbcType="INTEGER"/>
    </resultMap>
    <sql id="Example_Where_Clause">
        <where>
            <foreach collection="oredCriteria" item="criteria" separator="or">
                <if test="criteria.valid">
                    <trim prefix="(" suffix=")" prefixOverrides="and">
                        <foreach collection="criteria.criteria" item="criterion">
                            <choose>
                                <when test="criterion.noValue">
                                    and ${criterion.condition}
                                </when>
                                <when test="criterion.singleValue">
                                    and ${criterion.condition} #{criterion.value}
                                </when>
                                <when test="criterion.betweenValue">
                                    and ${criterion.condition} #{criterion.value} and #{criterion.secondValue}
                                </when>
                                <when test="criterion.listValue">
                                    and ${criterion.condition}
                                    <foreach collection="criterion.value" item="listItem" open="(" close=")" separator=",">
                                        #{listItem}
                                    </foreach>
                                </when>
                            </choose>
                        </foreach>
                    </trim>
                </if>
            </foreach>
        </where>
    </sql>
    <sql id="Update_By_Example_Where_Clause">
        <where>
            <foreach collection="example.oredCriteria" item="criteria" separator="or">
                <if test="criteria.valid">
                    <trim prefix="(" suffix=")" prefixOverrides="and">
                        <foreach collection="criteria.criteria" item="criterion">
                            <choose>
                                <when test="criterion.noValue">
                                    and ${criterion.condition}
                                </when>
                                <when test="criterion.singleValue">
                                    and ${criterion.condition} #{criterion.value}
                                </when>
                                <when test="criterion.betweenValue">
                                    and ${criterion.condition} #{criterion.value} and #{criterion.secondValue}
                                </when>
                                <when test="criterion.listValue">
                                    and ${criterion.condition}
                                    <foreach collection="criterion.value" item="listItem" open="(" close=")" separator=",">
                                        #{listItem}
                                    </foreach>
                                </when>
                            </choose>
                        </foreach>
                    </trim>
                </if>
            </foreach>
        </where>
    </sql>
    <sql id="Base_Column_List">
        id, orders_id, items_id, items_num
    </sql>
    <select id="selectByExample" resultMap="BaseResultMap" parameterType="com.crow.ssm.po.OrderdetailExample">
        select
        <if test="distinct">
            distinct
        </if>
        <include refid="Base_Column_List"/>
        from orderdetail
        <if test="_parameter != null">
            <include refid="Example_Where_Clause"/>
        </if>
        <if test="orderByClause != null">
            order by ${orderByClause}
        </if>
    </select>
    <select id="selectByPrimaryKey" resultMap="BaseResultMap" parameterType="java.lang.Integer">
        select
        <include refid="Base_Column_List"/>
        from orderdetail
        where id = #{id,jdbcType=INTEGER}
    </select>
    <delete id="deleteByPrimaryKey" parameterType="java.lang.Integer">
        delete from orderdetail
        where id = #{id,jdbcType=INTEGER}
    </delete>
    <delete id="deleteByExample" parameterType="com.crow.ssm.po.OrderdetailExample">
        delete from orderdetail
        <if test="_parameter != null">
            <include refid="Example_Where_Clause"/>
        </if>
    </delete>
    <insert id="insert" parameterType="com.crow.ssm.po.Orderdetail">
        insert into orderdetail (id, orders_id, items_id,
        items_num)
        values (#{id,jdbcType=INTEGER}, #{ordersId,jdbcType=INTEGER}, #{itemsId,jdbcType=INTEGER},
        #{itemsNum,jdbcType=INTEGER})
    </insert>
    <insert id="insertSelective" parameterType="com.crow.ssm.po.Orderdetail">
        insert into orderdetail
        <trim prefix="(" suffix=")" suffixOverrides=",">
            <if test="id != null">
                id,
            </if>
            <if test="ordersId != null">
                orders_id,
            </if>
            <if test="itemsId != null">
                items_id,
            </if>
            <if test="itemsNum != null">
                items_num,
            </if>
        </trim>
        <trim prefix="values (" suffix=")" suffixOverrides=",">
            <if test="id != null">
                #{id,jdbcType=INTEGER},
            </if>
            <if test="ordersId != null">
                #{ordersId,jdbcType=INTEGER},
            </if>
            <if test="itemsId != null">
                #{itemsId,jdbcType=INTEGER},
            </if>
            <if test="itemsNum != null">
                #{itemsNum,jdbcType=INTEGER},
            </if>
        </trim>
    </insert>
    <select id="countByExample" parameterType="com.crow.ssm.po.OrderdetailExample" resultType="java.lang.Integer">
        select count(*) from orderdetail
        <if test="_parameter != null">
            <include refid="Example_Where_Clause"/>
        </if>
    </select>
    <update id="updateByExampleSelective" parameterType="map">
        update orderdetail
        <set>
            <if test="record.id != null">
                id = #{record.id,jdbcType=INTEGER},
            </if>
            <if test="record.ordersId != null">
                orders_id = #{record.ordersId,jdbcType=INTEGER},
            </if>
            <if test="record.itemsId != null">
                items_id = #{record.itemsId,jdbcType=INTEGER},
            </if>
            <if test="record.itemsNum != null">
                items_num = #{record.itemsNum,jdbcType=INTEGER},
            </if>
        </set>
        <if test="_parameter != null">
            <include refid="Update_By_Example_Where_Clause"/>
        </if>
    </update>
    <update id="updateByExample" parameterType="map">
        update orderdetail
        set id = #{record.id,jdbcType=INTEGER},
        orders_id = #{record.ordersId,jdbcType=INTEGER},
        items_id = #{record.itemsId,jdbcType=INTEGER},
        items_num = #{record.itemsNum,jdbcType=INTEGER}
        <if test="_parameter != null">
            <include refid="Update_By_Example_Where_Clause"/>
        </if>
    </update>
    <update id="updateByPrimaryKeySelective" parameterType="com.crow.ssm.po.Orderdetail">
        update orderdetail
        <set>
            <if test="ordersId != null">
                orders_id = #{ordersId,jdbcType=INTEGER},
            </if>
            <if test="itemsId != null">
                items_id = #{itemsId,jdbcType=INTEGER},
            </if>
            <if test="itemsNum != null">
                items_num = #{itemsNum,jdbcType=INTEGER},
            </if>
        </set>
        where id = #{id,jdbcType=INTEGER}
    </update>
    <update id="updateByPrimaryKey" parameterType="com.crow.ssm.po.Orderdetail">
        update orderdetail
        set orders_id = #{ordersId,jdbcType=INTEGER},
        items_id = #{itemsId,jdbcType=INTEGER},
        items_num = #{itemsNum,jdbcType=INTEGER}
        where id = #{id,jdbcType=INTEGER}
    </update>
</mapper>