<?xml version="1.0" encoding="UTF-8" ?>
<!DOCTYPE mapper PUBLIC "-//mybatis.org//DTD Mapper 3.0//EN" "http://mybatis.org/dtd/mybatis-3-mapper.dtd" >
<mapper namespace="com.crow.ssm.mapper.UserMapper">
    <resultMap id="BaseResultMap" type="com.crow.ssm.po.User">
        <id column="id" property="id" jdbcType="INTEGER"/>
        <result column="username" property="username" jdbcType="VARCHAR"/>
        <result column="birthday" property="birthday" jdbcType="DATE"/>
        <result column="sex" property="sex" jdbcType="CHAR"/>
        <result column="address" property="address" jdbcType="VARCHAR"/>
    </resultMap>
    <sql id="Example_Where_Clause">
        <where>
            <foreach collection="oredCriteria" item="criteria" separator="or">
                <if test="criteria.valid">
                    <trim prefix="(" suffix=")" prefixOverrides="and">
                        <foreach collection="criteria.criteria" item="criterion">
                            <choose>
                                <when test="criterion.noValue">
                                    and ${criterion.condition}
                                </when>
                                <when test="criterion.singleValue">
                                    and ${criterion.condition} #{criterion.value}
                                </when>
                                <when test="criterion.betweenValue">
                                    and ${criterion.condition} #{criterion.value} and #{criterion.secondValue}
                                </when>
                                <when test="criterion.listValue">
                                    and ${criterion.condition}
                                    <foreach collection="criterion.value" item="listItem" open="(" close=")" separator=",">
                                        #{listItem}
                                    </foreach>
                                </when>
                            </choose>
                        </foreach>
                    </trim>
                </if>
            </foreach>
        </where>
    </sql>
    <sql id="Update_By_Example_Where_Clause">
        <where>
            <foreach collection="example.oredCriteria" item="criteria" separator="or">
                <if test="criteria.valid">
                    <trim prefix="(" suffix=")" prefixOverrides="and">
                        <foreach collection="criteria.criteria" item="criterion">
                            <choose>
                                <when test="criterion.noValue">
                                    and ${criterion.condition}
                                </when>
                                <when test="criterion.singleValue">
                                    and ${criterion.condition} #{criterion.value}
                                </when>
                                <when test="criterion.betweenValue">
                                    and ${criterion.condition} #{criterion.value} and #{criterion.secondValue}
                                </when>
                                <when test="criterion.listValue">
                                    and ${criterion.condition}
                                    <foreach collection="criterion.value" item="listItem" open="(" close=")" separator=",">
                                        #{listItem}
                                    </foreach>
                                </when>
                            </choose>
                        </foreach>
                    </trim>
                </if>
            </foreach>
        </where>
    </sql>
    <sql id="Base_Column_List">
        id, username, birthday, sex, address
    </sql>
    <select id="selectByExample" resultMap="BaseResultMap" parameterType="com.crow.ssm.po.UserExample">
        select
        <if test="distinct">
            distinct
        </if>
        <include refid="Base_Column_List"/>
        from user
        <if test="_parameter != null">
            <include refid="Example_Where_Clause"/>
        </if>
        <if test="orderByClause != null">
            order by ${orderByClause}
        </if>
    </select>
    <select id="selectByPrimaryKey" resultMap="BaseResultMap" parameterType="java.lang.Integer">
        select
        <include refid="Base_Column_List"/>
        from user
        where id = #{id,jdbcType=INTEGER}
    </select>
    <delete id="deleteByPrimaryKey" parameterType="java.lang.Integer">
        delete from user
        where id = #{id,jdbcType=INTEGER}
    </delete>
    <delete id="deleteByExample" parameterType="com.crow.ssm.po.UserExample">
        delete from user
        <if test="_parameter != null">
            <include refid="Example_Where_Clause"/>
        </if>
    </delete>
    <insert id="insert" parameterType="com.crow.ssm.po.User">
        insert into user (id, username, birthday,
        sex, address)
        values (#{id,jdbcType=INTEGER}, #{username,jdbcType=VARCHAR}, #{birthday,jdbcType=DATE},
        #{sex,jdbcType=CHAR}, #{address,jdbcType=VARCHAR})
    </insert>
    <insert id="insertSelective" parameterType="com.crow.ssm.po.User">
        insert into user
        <trim prefix="(" suffix=")" suffixOverrides=",">
            <if test="id != null">
                id,
            </if>
            <if test="username != null">
                username,
            </if>
            <if test="birthday != null">
                birthday,
            </if>
            <if test="sex != null">
                sex,
            </if>
            <if test="address != null">
                address,
            </if>
        </trim>
        <trim prefix="values (" suffix=")" suffixOverrides=",">
            <if test="id != null">
                #{id,jdbcType=INTEGER},
            </if>
            <if test="username != null">
                #{username,jdbcType=VARCHAR},
            </if>
            <if test="birthday != null">
                #{birthday,jdbcType=DATE},
            </if>
            <if test="sex != null">
                #{sex,jdbcType=CHAR},
            </if>
            <if test="address != null">
                #{address,jdbcType=VARCHAR},
            </if>
        </trim>
    </insert>
    <select id="countByExample" parameterType="com.crow.ssm.po.UserExample" resultType="java.lang.Integer">
        select count(*) from user
        <if test="_parameter != null">
            <include refid="Example_Where_Clause"/>
        </if>
    </select>
    <update id="updateByExampleSelective" parameterType="map">
        update user
        <set>
            <if test="record.id != null">
                id = #{record.id,jdbcType=INTEGER},
            </if>
            <if test="record.username != null">
                username = #{record.username,jdbcType=VARCHAR},
            </if>
            <if test="record.birthday != null">
                birthday = #{record.birthday,jdbcType=DATE},
            </if>
            <if test="record.sex != null">
                sex = #{record.sex,jdbcType=CHAR},
            </if>
            <if test="record.address != null">
                address = #{record.address,jdbcType=VARCHAR},
            </if>
        </set>
        <if test="_parameter != null">
            <include refid="Update_By_Example_Where_Clause"/>
        </if>
    </update>
    <update id="updateByExample" parameterType="map">
        update user
        set id = #{record.id,jdbcType=INTEGER},
        username = #{record.username,jdbcType=VARCHAR},
        birthday = #{record.birthday,jdbcType=DATE},
        sex = #{record.sex,jdbcType=CHAR},
        address = #{record.address,jdbcType=VARCHAR}
        <if test="_parameter != null">
            <include refid="Update_By_Example_Where_Clause"/>
        </if>
    </update>
    <update id="updateByPrimaryKeySelective" parameterType="com.crow.ssm.po.User">
        update user
        <set>
            <if test="username != null">
                username = #{username,jdbcType=VARCHAR},
            </if>
            <if test="birthday != null">
                birthday = #{birthday,jdbcType=DATE},
            </if>
            <if test="sex != null">
                sex = #{sex,jdbcType=CHAR},
            </if>
            <if test="address != null">
                address = #{address,jdbcType=VARCHAR},
            </if>
        </set>
        where id = #{id,jdbcType=INTEGER}
    </update>
    <update id="updateByPrimaryKey" parameterType="com.crow.ssm.po.User">
        update user
        set username = #{username,jdbcType=VARCHAR},
        birthday = #{birthday,jdbcType=DATE},
        sex = #{sex,jdbcType=CHAR},
        address = #{address,jdbcType=VARCHAR}
        where id = #{id,jdbcType=INTEGER}
    </update>
</mapper>